TYPE,ORDER,X USER,OWNER,ID,NAME,PAYOUT
merch,#7e0b009f,@CajunCanadian_,bc1pw407u992h96twlpvdm0qejtmfm63zxasdkm3wchr668xs8aa79sqwnu8f3,d935d1ebcaa55acf2dc69306d1917a1a6f94951c80c955a0e7ffb060db429466i0,INKs #5,
merch,#0fff1a31,@giggiart,bc1qjff2vay9rrxvll63852armgnnf55vm5tazwppz,fe7ed949e457dbfb090a3e3fbdd498c9016fc9a33ac143d6440bead3e55d7cd0i0,INKs #10,
merch,#4a60234c,@CajunCanadian_,bc1pnw356hs8ppa07hggcxuwxeyg7celp82ykat4xg42gggrtf9upcms3j3h2t,b0d663fa4cdc978c6cd92b0e43a9453ea121c37deadddafcf47fea0072bcb5dfi0,INKs #45,
merch,#af821808,@CajunCanadian_,bc1pnw356hs8ppa07hggcxuwxeyg7celp82ykat4xg42gggrtf9upcms3j3h2t,1a62fd1d146008f7d3de25ee85dde3f6125f10271520bafd3259d7b1216ca55ci15,INKs #633,
merch,#f48521d6,@phoenixstu,bc1pkm5kcrwh5zepqsxxuprkh4yswhaffu9pta6py8nn67qszpqagd7s4gvrv8,f08df1d6319d489d49eeb753d487d137d1f9985d79451a3f699719565d65462ci5,INKs #433,
merch,#0fff1a31,@RyanM41540450,bc1pwhpyaxzp58ewvzp27jt83372jasru32csldxmd9zpfetrn5mmp7s5n2a4d,2ddc28704bc42bb0d8b1bfeec6e05843837a59e4327ce5768e68588d172cfb31i0,INKs #166,1
merch,#5f3e0a4f,@phoenixstu,bc1pkm5kcrwh5zepqsxxuprkh4yswhaffu9pta6py8nn67qszpqagd7s4gvrv8,e961b0f3f00b3ee3119eadc8773f54dbf271e17e59a73eb4252164641edd17d2i2,INKs #879,
merch,#a30a72be,@Nature4me40,bc1p4qr9v03wx6eqwezmevufdlvzm3fmk5f6lgw2a0ujmjps8eqzpdkq80xn8a,99e64f9984c25fa53575b0a502971014f02ea2bd9915ef9cf662083dc906d6f8i0,INKs #127,
merch,#fdb5ea61,@phoenixstu,bc1pkm5kcrwh5zepqsxxuprkh4yswhaffu9pta6py8nn67qszpqagd7s4gvrv8,0d32a6a2566b204270ce6372f072f625895189fe14d322c6bd65ca4313fa6be0i14,INKs #930,
merch,#0fc0b5ce,@RyanM41540450,bc1pwhpyaxzp58ewvzp27jt83372jasru32csldxmd9zpfetrn5mmp7s5n2a4d,fb7d369caed9324c82b88891f306d112c5c132bcdc024e3a0920dd1ac63f2b43i8,INKs #591,1
merch,#87380cee,@Zapbranigan01,bc1psdxe9xuvpxh9etaehqpmnz5rsm5thd4emsv3tpk3ctqw28dajzqs2rsek7,6ad2640e59faa1e8fd7f37d6d89d3f8f1c6cd78cc1ed572fa3d38291b9c58239i9,INKs #509,
merch,#af821808,@Zapbranigan01,bc1psdxe9xuvpxh9etaehqpmnz5rsm5thd4emsv3tpk3ctqw28dajzqs2rsek7,377b1bec7f81100f7fb63f67644355203b8164955bf7981632545fd613a624e6i1,INKs #852,
merch,#4f726e21,@JohnnyC718,bc1pwk49m3hmtxutkl8tje8htah8yunrx4d9x4j05g89clzv2ymapz9s9xljuz,0d32a6a2566b204270ce6372f072f625895189fe14d322c6bd65ca4313fa6be0i20,INKs #936,
merch,#9a82194c,@Zapbranigan01,bc1psdxe9xuvpxh9etaehqpmnz5rsm5thd4emsv3tpk3ctqw28dajzqs2rsek7,cfe7853e50e4e9c8b3379a0ccd5d24e865a4c1751b30c6dfd23840251c85bb6ci0,INKs #115,
merch,#796eb1aa,@phoenixstu,bc1pkm5kcrwh5zepqsxxuprkh4yswhaffu9pta6py8nn67qszpqagd7s4gvrv8,e8a6851f10017fa3f1369a126214526aca07d82d7721595b7e06cad140e83b2ai0,INKs #236,
merch,#a666599d,@Zapbranigan01,bc1psdxe9xuvpxh9etaehqpmnz5rsm5thd4emsv3tpk3ctqw28dajzqs2rsek7,16b03c5e9b97df064bffb4b6e86855fd1e1bdbf73313a9f08ee4c7d8b92e862di3,INKs #455,
merch,#99911519,@Zapbranigan01,bc1psdxe9xuvpxh9etaehqpmnz5rsm5thd4emsv3tpk3ctqw28dajzqs2rsek7,16b03c5e9b97df064bffb4b6e86855fd1e1bdbf73313a9f08ee4c7d8b92e862di3,INKs #455,
merch,#3c328fd9,@Zapbranigan01,bc1psdxe9xuvpxh9etaehqpmnz5rsm5thd4emsv3tpk3ctqw28dajzqs2rsek7,84a9ed6f509b2e1d0632dd420e2b48e7f9d13f9327e257fa859fec56c778c0d6i0,INKs #82,
solana,#167a77e7,@CajunCanadian_,bc1pw407u992h96twlpvdm0qejtmfm63zxasdkm3wchr668xs8aa79sqwnu8f3,d935d1ebcaa55acf2dc69306d1917a1a6f94951c80c955a0e7ffb060db429466i0,INKs #5,7
solana,#22aaaac2,@giggiart,bc1qjff2vay9rrxvll63852armgnnf55vm5tazwppz,fe7ed949e457dbfb090a3e3fbdd498c9016fc9a33ac143d6440bead3e55d7cd0i0,INKs #10,7
solana,#43d96f5b,@CajunCanadian_,bc1pnw356hs8ppa07hggcxuwxeyg7celp82ykat4xg42gggrtf9upcms3j3h2t,b0d663fa4cdc978c6cd92b0e43a9453ea121c37deadddafcf47fea0072bcb5dfi0,INKs #45,7
solana,#d6726c16,@CajunCanadian_,bc1pnw356hs8ppa07hggcxuwxeyg7celp82ykat4xg42gggrtf9upcms3j3h2t,1a62fd1d146008f7d3de25ee85dde3f6125f10271520bafd3259d7b1216ca55ci15,INKs #633,7
solana,#69070dad,@phoenixstu,bc1pkm5kcrwh5zepqsxxuprkh4yswhaffu9pta6py8nn67qszpqagd7s4gvrv8,f08df1d6319d489d49eeb753d487d137d1f9985d79451a3f699719565d65462ci5,INKs #433,7
solana,#ca215897,@CajunCanadian_,bc1pnw356hs8ppa07hggcxuwxeyg7celp82ykat4xg42gggrtf9upcms3j3h2t,5a8d8643a2e7c344314ff9c4195f2fc2faf5febb7d37556fb62556ddf1a3b87di0,INKs #280,7
solana,#1b5627e6,@CajunCanadian_,bc1pnw356hs8ppa07hggcxuwxeyg7celp82ykat4xg42gggrtf9upcms3j3h2t,a46ff6accb329cd170bd262314e6f24c16aa93ffe98c3c1545d7cabc0a361362i22,INKs #720,7
solana,#20a14c05,@Zapbranigan01,bc1psdxe9xuvpxh9etaehqpmnz5rsm5thd4emsv3tpk3ctqw28dajzqs2rsek7,16b03c5e9b97df064bffb4b6e86855fd1e1bdbf73313a9f08ee4c7d8b92e862di3,INKs #455,
solana,#f90d21a0,@CajunCanadian_,bc1pnw356hs8ppa07hggcxuwxeyg7celp82ykat4xg42gggrtf9upcms3j3h2t,16b03c5e9b97df064bffb4b6e86855fd1e1bdbf73313a9f08ee4c7d8b92e862di15,INKs #467,
solana,#e21f5a1f,@CajunCanadian_,bc1pnw356hs8ppa07hggcxuwxeyg7celp82ykat4xg42gggrtf9upcms3j3h2t,af472ef1f512e025c350ea2d965121569f4311c25965b626746eb8bc002a3abai0,INKs #150,
solana,#fc94a48e,@CajunCanadian_,bc1pnw356hs8ppa07hggcxuwxeyg7celp82ykat4xg42gggrtf9upcms3j3h2t,606dd407ec3cad39bb4ba043c8f410739db5df527744c98161f4e37a2e13518fi10,INKs #783,
solana,#fb7f59d5,@RyanM41540450,bc1pwhpyaxzp58ewvzp27jt83372jasru32csldxmd9zpfetrn5mmp7s5n2a4d,2ddc28704bc42bb0d8b1bfeec6e05843837a59e4327ce5768e68588d172cfb31i0,INKs #166,
solana,#aea2248f,@phoenixstu,bc1pkm5kcrwh5zepqsxxuprkh4yswhaffu9pta6py8nn67qszpqagd7s4gvrv8,e961b0f3f00b3ee3119eadc8773f54dbf271e17e59a73eb4252164641edd17d2i2,INKs #879,7
solana,#68ed4360,@Nature4me40,bc1p4qr9v03wx6eqwezmevufdlvzm3fmk5f6lgw2a0ujmjps8eqzpdkq80xn8a,99e64f9984c25fa53575b0a502971014f02ea2bd9915ef9cf662083dc906d6f8i0,INKs #127,7
solana,#8218575e,@phoenixstu,bc1pkm5kcrwh5zepqsxxuprkh4yswhaffu9pta6py8nn67qszpqagd7s4gvrv8,0d32a6a2566b204270ce6372f072f625895189fe14d322c6bd65ca4313fa6be0i14,INKs #930,
solana,#00ea1ba1,@RyanM41540450,bc1pwhpyaxzp58ewvzp27jt83372jasru32csldxmd9zpfetrn5mmp7s5n2a4d,fb7d369caed9324c82b88891f306d112c5c132bcdc024e3a0920dd1ac63f2b43i8,INKs #591,
solana,#a4b45066,@JohnnyC718,bc1pwk49m3hmtxutkl8tje8htah8yunrx4d9x4j05g89clzv2ymapz9s9xljuz,74293d4837cb48f0babef81766488a8b2cfb15d9a0f5fcd2709af28ce61af112i0,INKs #55,
solana,#5253f674,@quizPRMR,bc1prfgv2hzqu66js2t32zkgj7llvx70lr02zqwkelg972pm72lxuw0s34hms3,c76064d5d036ce9c80688dff240d132e4ccb3efb5e0b19024b018284d23bfab9i0,INKs #247,7
solana,#22323ecf,@JohnnyC718,bc1pwk49m3hmtxutkl8tje8htah8yunrx4d9x4j05g89clzv2ymapz9s9xljuz,467033d046b39e3192af33fb9d3b8ee68e055453c0f07f71c1542e0fcc867ab0i0,INKs #324,
solana,#b985821f,@JnycP01072,bc1pwk49m3hmtxutkl8tje8htah8yunrx4d9x4j05g89clzv2ymapz9s9xljuz,f80f40741d0796baede0a8b27f5c129a1b14d0f61d688b7267aa1219de8d3f0ei7,INKS #341,7
solana,#ac8fa3b0,@quizPRMR,bc1prfgv2hzqu66js2t32zkgj7llvx70lr02zqwkelg972pm72lxuw0s34hms3,f19064463775a24b4bded09f31c3a7e21e62d25e59dd0df4571b79bdc5cf9c13i15,INKs #373,
solana,#a47ed7a6,@quizPRMR,bc1prfgv2hzqu66js2t32zkgj7llvx70lr02zqwkelg972pm72lxuw0s34hms3,ffc9be642bc7d5ac12ba0a9e652ff9349dc4f42e59f5dfcf0102b2579d58f31ci8,INKs #401,
solana,#065924a4,@quizPRMR,bc1prfgv2hzqu66js2t32zkgj7llvx70lr02zqwkelg972pm72lxuw0s34hms3,6ad2640e59faa1e8fd7f37d6d89d3f8f1c6cd78cc1ed572fa3d38291b9c58239i11,INKs #511,
solana,#dacee3e4,@quizPRMR,bc1prfgv2hzqu66js2t32zkgj7llvx70lr02zqwkelg972pm72lxuw0s34hms3,6ad2640e59faa1e8fd7f37d6d89d3f8f1c6cd78cc1ed572fa3d38291b9c58239i14,INKs #514,
solana,#7a72c1fe,@Zapbranigan01,bc1psdxe9xuvpxh9etaehqpmnz5rsm5thd4emsv3tpk3ctqw28dajzqs2rsek7,fb7d369caed9324c82b88891f306d112c5c132bcdc024e3a0920dd1ac63f2b43i23,INKs #606,
solana,#f4a2bd7e,@JohnnyC718,bc1pwk49m3hmtxutkl8tje8htah8yunrx4d9x4j05g89clzv2ymapz9s9xljuz,85372c41a68eaa9a3c4327cf5cde86972ae11ca86f4fe4553baa932d24bc589ei14,INKs #835,
solana,#3ca56ea2,@JohnnyC718,bc1pwk49m3hmtxutkl8tje8htah8yunrx4d9x4j05g89clzv2ymapz9s9xljuz,e58daec116d99e749ec0c2747fe4128cd41087cd48aff4278a462bae6a79c5e9i25,INKs #989,
solana,#9a8a6249,@CajunCanadian_,bc1pnw356hs8ppa07hggcxuwxeyg7celp82ykat4xg42gggrtf9upcms3j3h2t,a7c3c1ce36fb10f8b424e29fc95894161e6811f5334c560001fc4c9142f2f342i5,INKs #564,
solana,#cea66efe,@CajunCanadian_,bc1pnw356hs8ppa07hggcxuwxeyg7celp82ykat4xg42gggrtf9upcms3j3h2t,a035124eef8f0318b9ffe53a03d578be5ef213b5c64e204ac302c910df200b36i22,INKs #498,
solana,#000c5d96,@CajunCanadian_,bc1pnw356hs8ppa07hggcxuwxeyg7celp82ykat4xg42gggrtf9upcms3j3h2t,0d32a6a2566b204270ce6372f072f625895189fe14d322c6bd65ca4313fa6be0i1,INKs #917,
solana,#a196ecc7,@CajunCanadian_,bc1pnw356hs8ppa07hggcxuwxeyg7celp82ykat4xg42gggrtf9upcms3j3h2t,0d32a6a2566b204270ce6372f072f625895189fe14d322c6bd65ca4313fa6be0i10,INKs #926,
solana,#b36e36d0,@CajunCanadian_,bc1pnw356hs8ppa07hggcxuwxeyg7celp82ykat4xg42gggrtf9upcms3j3h2t,ffc9be642bc7d5ac12ba0a9e652ff9349dc4f42e59f5dfcf0102b2579d58f31ci16,INKs #409,
solana,#c56aeb00,@CajunCanadian_,bc1pnw356hs8ppa07hggcxuwxeyg7celp82ykat4xg42gggrtf9upcms3j3h2t,13928783bd451f3bb2819f0b7684dbb9a1ba057af7a5595b9318b23a4fd70f92i0,INKs #279,
solana,#9afbbb0b,@CajunCanadian_,bc1pnw356hs8ppa07hggcxuwxeyg7celp82ykat4xg42gggrtf9upcms3j3h2t,517eeefd09d590e0ad5db3ac7c750df126c248e879fd3ab4a13198d56d7f18eai0,INKS #319,
solana,#24f1bcca,@CajunCanadian_,bc1pnw356hs8ppa07hggcxuwxeyg7celp82ykat4xg42gggrtf9upcms3j3h2t,b181137b1eca6cf0d13801c258460b8314b5ee5eb622582938130183f7e235a8i0,INKs #321,
solana,#4658fa21,@Zapbranigan01,bc1psdxe9xuvpxh9etaehqpmnz5rsm5thd4emsv3tpk3ctqw28dajzqs2rsek7,1fa42e70b72897c05a2b8ba111f5288b7f193904ea73de9c3545727a2ef04140i2,INKs #537,
solana,#02d2f032,@Zapbranigan01,bc1psdxe9xuvpxh9etaehqpmnz5rsm5thd4emsv3tpk3ctqw28dajzqs2rsek7,cfe7853e50e4e9c8b3379a0ccd5d24e865a4c1751b30c6dfd23840251c85bb6ci0,INKs #115,
solana,#098d1b71,@RyanM41540450,bc1pwhpyaxzp58ewvzp27jt83372jasru32csldxmd9zpfetrn5mmp7s5n2a4d,757b2b179f3b331f2a553c64cebd775b6c05245d348a34e83624cf23bf7713e4i0,INKs #313,
solana,#54d898a6,@RyanM41540450,bc1pwhpyaxzp58ewvzp27jt83372jasru32csldxmd9zpfetrn5mmp7s5n2a4d,a7c3c1ce36fb10f8b424e29fc95894161e6811f5334c560001fc4c9142f2f342i8,INKs #567,
solana,#ee5c71a1,@phoenixstu,bc1pkm5kcrwh5zepqsxxuprkh4yswhaffu9pta6py8nn67qszpqagd7s4gvrv8,e8a6851f10017fa3f1369a126214526aca07d82d7721595b7e06cad140e83b2ai0,INKs #236,
solana,#f2b4f7e7,@Zapbranigan01,bc1psdxe9xuvpxh9etaehqpmnz5rsm5thd4emsv3tpk3ctqw28dajzqs2rsek7,0d32a6a2566b204270ce6372f072f625895189fe14d322c6bd65ca4313fa6be0i21,INKs #937,
solana,#213c818b,@Zapbranigan01,bc1psdxe9xuvpxh9etaehqpmnz5rsm5thd4emsv3tpk3ctqw28dajzqs2rsek7,8a13c4a1e69ba9c7ff03f52bff48fa4154f2231717930529b9b9c8c2d99e50bci0,INKs #34,
base,#81d2d13e,@Zapbranigan01,bc1psdxe9xuvpxh9etaehqpmnz5rsm5thd4emsv3tpk3ctqw28dajzqs2rsek7,377b1bec7f81100f7fb63f67644355203b8164955bf7981632545fd613a624e6i1,INKs #941,
base,#8df2428b,@Zapbranigan01,bc1psdxe9xuvpxh9etaehqpmnz5rsm5thd4emsv3tpk3ctqw28dajzqs2rsek7,8a13c4a1e69ba9c7ff03f52bff48fa4154f2231717930529b9b9c8c2d99e50bci0,INKs #34,
base,#2656f3e4,@beastoshii,bc1pu0xdvlashfacre7qas3ptqegdp7r6sqvcfnlz5c4d70u547p5vkqzzsyjx,4f0eb6629e39a66aea8e6ad49bc617391917e8dae573f85367d9cde9172a31f3i0,INKs #184,
base,#9ba10fbb,@Zapbranigan01,bc1psdxe9xuvpxh9etaehqpmnz5rsm5thd4emsv3tpk3ctqw28dajzqs2rsek7,8b8a06b3f642afc1853fc17e8f3aa724ed448ed1e308e68414e7ea2a208401cei26,INKs #875,
base,#37270b36,@Zapbranigan01,bc1psdxe9xuvpxh9etaehqpmnz5rsm5thd4emsv3tpk3ctqw28dajzqs2rsek7,a7c3c1ce36fb10f8b424e29fc95894161e6811f5334c560001fc4c9142f2f342i17,INKs #576,
base,#649e833e,@Zapbranigan01,bc1psdxe9xuvpxh9etaehqpmnz5rsm5thd4emsv3tpk3ctqw28dajzqs2rsek7,fb7d369caed9324c82b88891f306d112c5c132bcdc024e3a0920dd1ac63f2b43i14,INKs #597,
base,#eb43f9f7,@CajunCanadian_,bc1pnw356hs8ppa07hggcxuwxeyg7celp82ykat4xg42gggrtf9upcms3j3h2t,b0d663fa4cdc978c6cd92b0e43a9453ea121c37deadddafcf47fea0072bcb5dfi0,INKs #45,
base,#4d81bec2,@CajunCanadian_,bc1pw407u992h96twlpvdm0qejtmfm63zxasdkm3wchr668xs8aa79sqwnu8f3,d935d1ebcaa55acf2dc69306d1917a1a6f94951c80c955a0e7ffb060db429466i0,INKs #5,
base,#5b815167,@giggiart,bc1qjff2vay9rrxvll63852armgnnf55vm5tazwppz,fe7ed949e457dbfb090a3e3fbdd498c9016fc9a33ac143d6440bead3e55d7cd0i0,INKs #10,
base,#d10acd14,@CajunCanadian_,bc1pnw356hs8ppa07hggcxuwxeyg7celp82ykat4xg42gggrtf9upcms3j3h2t,1a62fd1d146008f7d3de25ee85dde3f6125f10271520bafd3259d7b1216ca55ci15,INKs #633,
base,#50631dcd,@phoenixstu,bc1pkm5kcrwh5zepqsxxuprkh4yswhaffu9pta6py8nn67qszpqagd7s4gvrv8,f08df1d6319d489d49eeb753d487d137d1f9985d79451a3f699719565d65462ci5,INKs #433,
base,#fe6ee793,@CajunCanadian_,bc1pnw356hs8ppa07hggcxuwxeyg7celp82ykat4xg42gggrtf9upcms3j3h2t,5a8d8643a2e7c344314ff9c4195f2fc2faf5febb7d37556fb62556ddf1a3b87di0,INKs #280,
base,#2de79238,@CajunCanadian_,bc1pnw356hs8ppa07hggcxuwxeyg7celp82ykat4xg42gggrtf9upcms3j3h2t,a46ff6accb329cd170bd262314e6f24c16aa93ffe98c3c1545d7cabc0a361362i22,INKs #720,
base,#9395b4d9,@Zapbranigan01,bc1psdxe9xuvpxh9etaehqpmnz5rsm5thd4emsv3tpk3ctqw28dajzqs2rsek7,16b03c5e9b97df064bffb4b6e86855fd1e1bdbf73313a9f08ee4c7d8b92e862di3,INKs #455,
base,#ebea411c,@CajunCanadian_,bc1pnw356hs8ppa07hggcxuwxeyg7celp82ykat4xg42gggrtf9upcms3j3h2t,16b03c5e9b97df064bffb4b6e86855fd1e1bdbf73313a9f08ee4c7d8b92e862di15,INKs #467,
base,#c79fa964,@CajunCanadian_,bc1pnw356hs8ppa07hggcxuwxeyg7celp82ykat4xg42gggrtf9upcms3j3h2t,af472ef1f512e025c350ea2d965121569f4311c25965b626746eb8bc002a3abai0,INKs #150,
base,#0a612e91,@RyanM41540450,bc1pwhpyaxzp58ewvzp27jt83372jasru32csldxmd9zpfetrn5mmp7s5n2a4d,fb7d369caed9324c82b88891f306d112c5c132bcdc024e3a0920dd1ac63f2b43i8,INKs #591,
base,#b1aa1bf9,@phoenixstu,bc1pkm5kcrwh5zepqsxxuprkh4yswhaffu9pta6py8nn67qszpqagd7s4gvrv8,e8a6851f10017fa3f1369a126214526aca07d82d7721595b7e06cad140e83b2ai0,INKs #236,
base,#c87f7589,@CajunCanadian_,bc1pnw356hs8ppa07hggcxuwxeyg7celp82ykat4xg42gggrtf9upcms3j3h2t,606dd407ec3cad39bb4ba043c8f410739db5df527744c98161f4e37a2e13518fi10,INKs #783,
base,#5efcfe47,@phoenixstu,bc1pkm5kcrwh5zepqsxxuprkh4yswhaffu9pta6py8nn67qszpqagd7s4gvrv8,e961b0f3f00b3ee3119eadc8773f54dbf271e17e59a73eb4252164641edd17d2i2,INKs #879,
base,#cd0a708b,@phoenixstu,bc1pkm5kcrwh5zepqsxxuprkh4yswhaffu9pta6py8nn67qszpqagd7s4gvrv8,0d32a6a2566b204270ce6372f072f625895189fe14d322c6bd65ca4313fa6be0i14,INKs #930,
base,#41e74225,@beastoshii,bc1pu0xdvlashfacre7qas3ptqegdp7r6sqvcfnlz5c4d70u547p5vkqzzsyjx,0e77b82c1093c9c246dca04ef8636c19f10e70ad791cef87c3191cb91b225480i0,INKs #12 ,
solana,#84e983ff,@Zapbranigan01,bc1psdxe9xuvpxh9etaehqpmnz5rsm5thd4emsv3tpk3ctqw28dajzqs2rsek7,f80f40741d0796baede0a8b27f5c129a1b14d0f61d688b7267aa1219de8d3f0ei19,INKs #353,
solana,#e314d788,@Zapbranigan01,bc1psdxe9xuvpxh9etaehqpmnz5rsm5thd4emsv3tpk3ctqw28dajzqs2rsek7,a46ff6accb329cd170bd262314e6f24c16aa93ffe98c3c1545d7cabc0a361362i23,INKs #721,
base,#5795dbd8,@Zapbranigan01,bc1psdxe9xuvpxh9etaehqpmnz5rsm5thd4emsv3tpk3ctqw28dajzqs2rsek7,a7c3c1ce36fb10f8b424e29fc95894161e6811f5334c560001fc4c9142f2f342i18,INKs #577,
merch,#0186bef8,@Zapbranigan01,bc1psdxe9xuvpxh9etaehqpmnz5rsm5thd4emsv3tpk3ctqw28dajzqs2rsek7,16b03c5e9b97df064bffb4b6e86855fd1e1bdbf73313a9f08ee4c7d8b92e862di3,INKs #455,
merch,#1c980bb4,@Zapbranigan01,bc1psdxe9xuvpxh9etaehqpmnz5rsm5thd4emsv3tpk3ctqw28dajzqs2rsek7,fb7d369caed9324c82b88891f306d112c5c132bcdc024e3a0920dd1ac63f2b43i23,INKs #606,
base,#a9fa5886,@Nature4me40,bc1p4qr9v03wx6eqwezmevufdlvzm3fmk5f6lgw2a0ujmjps8eqzpdkq80xn8a,99e64f9984c25fa53575b0a502971014f02ea2bd9915ef9cf662083dc906d6f8i0,INKs #127,  
solana,#ea1d5b31,@CajunCanadian_,,,,
solana,#ebae1f99,@CajunCanadian_,,,,
base,#f68d991d,@CajunCanadian_,,,,
base,#b31b6eb4,@CajunCanadian_,,,,
merch,#eed811db,@phoenixstu,bc1pkm5kcrwh5zepqsxxuprkh4yswhaffu9pta6py8nn67qszpqagd7s4gvrv8,f80f40741d0796baede0a8b27f5c129a1b14d0f61d688b7267aa1219de8d3f0ei20,#INKs 354,
base,#633d2c80,@phoenixstu,bc1pkm5kcrwh5zepqsxxuprkh4yswhaffu9pta6py8nn67qszpqagd7s4gvrv8,f80f40741d0796baede0a8b27f5c129a1b14d0f61d688b7267aa1219de8d3f0ei20,#INKs 354,
solana,#6a4f2354,@RyanM41540450,bc1pwhpyaxzp58ewvzp27jt83372jasru32csldxmd9zpfetrn5mmp7s5n2a4d,fb7d369caed9324c82b88891f306d112c5c132bcdc024e3a0920dd1ac63f2b43i32,#INKs 615,
solana,#26bb21ed,@phoenixstu,bc1pkm5kcrwh5zepqsxxuprkh4yswhaffu9pta6py8nn67qszpqagd7s4gvrv8,f80f40741d0796baede0a8b27f5c129a1b14d0f61d688b7267aa1219de8d3f0ei20,#INKs 354,
solana,#3d4bca68,@RyanM41540450,bc1pwhpyaxzp58ewvzp27jt83372jasru32csldxmd9zpfetrn5mmp7s5n2a4d,fb7d369caed9324c82b88891f306d112c5c132bcdc024e3a0920dd1ac63f2b43i18,#INKs 601,
solana,#0f9f2aae,@phoenixstu,bc1pkm5kcrwh5zepqsxxuprkh4yswhaffu9pta6py8nn67qszpqagd7s4gvrv8,b6d6c62a5273aa5989eb98da0827d5d49939035776ebc7bb2f9a6d4bdd904b71i0,INKs #108,
base,#9cb7d2be,@phoenixstu,bc1pkm5kcrwh5zepqsxxuprkh4yswhaffu9pta6py8nn67qszpqagd7s4gvrv8,b6d6c62a5273aa5989eb98da0827d5d49939035776ebc7bb2f9a6d4bdd904b71i0,INKs #108,
merch,#693a0548,@phoenixstu,bc1pkm5kcrwh5zepqsxxuprkh4yswhaffu9pta6py8nn67qszpqagd7s4gvrv8,b6d6c62a5273aa5989eb98da0827d5d49939035776ebc7bb2f9a6d4bdd904b71i0,INKs #108,